Tweet Id	Annotation
636347467559075841	Yes
643387719536779264	No
644772536304033792	No
636075380508528640	No
640696976879685633	No
647262103984668676	No
642528792012042241	Yes
639750716551204864	No
638555338787033089	No
642836905638391808	No
640199954569560064	Yes
644683854171664384	No
638063713891807232	Yes
640714157277454340	No
644309821659852800	No
641343913505087492	No
641084724669054976	No
643963694427213824	Yes
639558535827824640	No
638589351333531652	No
644333398140391424	No
639641947339145218	No
644546909298778114	No
636441683819761664	Yes
641264392449888256	No
642389329864753152	Yes
638420921125085184	No
641344488980348928	No
638717485332697088	No
643431083275476992	No
644190644743864320	Yes
639996456963842048	Yes
641387396047613952	No
636759954217672704	Yes
645496265489444864	Yes
640207189798350849	No
638813913233125376	Yes
641994283311067136	No
647937368066887680	No
640755860482957312	No
641476933083987968	No
641572176458567680	Yes
636284642430197760	Yes
639584504290480129	No
648716773735272448	No
646317704866041857	Yes
639908982086238208	No
644755383911739393	No
641144027648126976	No
643367290705068036	No
641851791374684160	No
644316505925132289	No
638483685902258176	No
648233436398882816	No
636081399154536448	No
643589537436991488	No
641386013772918784	No
636362702466740226	No
648363891055988736	No
640606848056320000	No
643544049954242560	No
646775421300662275	Yes
639930475616841728	No
643255364721508352	Yes
643572351632863236	No
643633853538545664	No
638584532925464576	No
644039319833841664	Yes
641839427283611648	Yes
647350437197189120	Yes
641004677597802500	No
642212210899456001	No
639268587677552640	No
645257916539232256	Yes
644502266825846784	Yes
644468297136799744	No
639601913416183808	No
649051037387526148	No
641732246840324096	No
642846751217442816	No
643841496358240256	No
649264358858600448	No
646855856378769408	No
639069640036061184	No
643786909844549632	No
642370362903252992	No
639319077119520768	Yes
640636195505049600	No
643620518269186052	No
635637668269957121	No
644312775288713216	Yes
642331242403377152	No
641174711003561985	No
639905800807424001	No
639255742822924288	No
640564185655455744	No
648664455765753856	No
643697403267313664	No
639562319584870400	No
640931592832200704	No
641989213974454272	No
640442018548740098	Yes
640885673482944512	No
644514093039243264	No
643814776351666177	No
641323650252165120	No
641825192759705600	No
638752199674306565	No
643608532034711553	No
644593039785226240	No
646719921150230528	No
641812182485766145	No
644313678301499394	No
637143499310129152	No
640770218642436096	No
638439504223703040	No
639053035373637632	Yes
640749859490783236	Yes
637840655855673344	Yes
644596743921799168	No
636665738275725312	No
642808316389912576	No
640495589424148484	Yes
647911692131766272	No
648630821981544448	No
638165831403241472	No
644893592998166528	No
645571067520659456	No
641323192859107328	Yes
644529475238141952	Yes
642070822128099328	Yes
641179527796916224	No
641340430877986817	No
639186267683602432	No
635659732900941824	No
641791843097833473	No
641438103211610112	No
642586139283447808	No
641091540044120064	No
647371016759410690	No
638812079164661760	Yes
638455586720452608	No
640979708239220736	No
643840108291080192	No
636356761851555840	Yes
643979612012154880	No
640706939039580162	No
643899810462978049	No
639286544419827712	No
637860566623735808	Yes
642784060197236736	No
641164886932742144	No
640564018806149120	No
639779472191963136	No
638773967852060672	No
643676339241807872	No
641151571120664576	No
638161514118049792	No
643862191733669889	No
649024299605606400	Yes
639935302094745600	No
649368129869508608	No
643793558860906496	Yes
640238797620400129	No
638612935514832896	No
642433494669352960	No
646981584030056448	No
643905623629950976	No
641409425820008449	No
642809683573534721	No
643593507790303234	No
640434114907148288	No
644581177135730688	No
639509741463474176	No
644033844174131201	No
639953891493330944	Yes
640833511327449088	No
638196259921231872	Yes
639158636707643392	No
644702968923557888	No
646140049852133377	Yes
638881782281207808	No
637985543029137408	Yes
649072321517346816	No
642758799732813824	No
638409444968300544	No
637051301575172097	Yes
645374128585895936	No
635988718390804481	No
642227384192774144	Yes
641729699022946304	No
638540941708529666	Yes
646967129082761216	No
643970813482401795	No
642845227456200708	No
646316319311314944	No
643984504915255296	No
640427648087277569	Yes
642818174589792256	No
641233353757229056	No
647131630914637824	No
636119318586085376	Yes
641707570512662528	No
646315686835318784	No
643308131490091008	No
643450513346965504	No
640567713937625088	No
639387578890743808	Yes
637891276743004160	No
642268684535271425	No
647822309642924032	No
644038863644696576	Yes
638789561775190016	No
646472650504708096	No
638461849185423360	Yes
647244598054522880	No
647533192367501312	No
642569356757614593	Yes
644569988406353920	No
643951167849000961	No
638698940691386368	No
637111706473377792	Yes
647102287656058880	No
642422581732098048	No
641886293123825664	Yes
641320488359317505	No
638475614710857728	No
639235026773643264	No
638496316859912192	No
638419531598172160	Yes
646315266628956161	No
643836117234544641	No
641306071626178560	No
642789984232079360	No
643573563476320256	No
635974387863285760	Yes
641239675013730304	No
637353433360543744	No
640930303628967936	No
641061072699555842	Yes
644655592104050688	No
637118684075438080	No
644021125631053824	No
638777126938898432	No
639445982007140352	Yes
641827105555279873	No
642442455921594368	No
645752288942891016	No
641438154533289984	No
640351352103784448	No
646818369581281280	Yes
638580064968380416	No
639838106464587776	Yes
640761046416797697	No
643940125139832832	No
636806070787137536	Yes
641062157539524608	Yes
644069015736860672	No
641471366001229824	No
643563928740458501	No
645290534035136512	No
639283926385582080	No
639212006612963328	No
639766329269059584	Yes
643609793404489728	No
640683062746083328	No
643835621698572288	No
639239980464926720	No
637839655363342337	No
642495788233437184	No
639486976085757953	No
640423973063409664	Yes
643802306299883521	No
636370622646456320	No
641180587966001152	No
643714885327683584	No
640122944216268800	No
643940217951404032	Yes
646317090052382720	No
639877253795414016	No
648690853758812160	Yes
636181734355111936	No
640089386894278656	No
637328782119071744	No
639245014145630208	No
640003518582030336	No
640607386315591681	No
638528306485133312	No
640641856540315648	No
638859369426382848	No
637840252066000896	Yes
643528969938202624	No
639252663130062849	Yes
639987152579723264	No
644310123876339712	No
641952553077374976	No
638200057221750784	Yes
639462534886461440	No
638494235692560385	No
641653771358076928	No
645873455334748160	No
639917638769115138	No
644002451268349952	No
639974858575577088	No
642404248584519680	No
641115223831654400	No
643853721290604544	Yes
638929285428842496	Yes
640152821720043520	No
643248408443027457	No
641969199800258560	No
637158780157972480	Yes
639626109341052928	No
646040508129644544	No
639536121601507328	No
644322852183740416	Yes
641329250382016512	No
640905592916344832	No
641150781324791809	No
645752598771974144	Yes
639836809342545920	No
638818476296003589	No
640639655562510336	Yes
643880034520797184	No
641430258718085124	No
644715120568872960	Yes
641212339551895552	No
647878690723004420	No
640398115623817216	No
647332922890940416	Yes
645296359398989825	Yes
643644026332254209	No
649226845385154560	Yes
647816954967797761	No
636380723469938688	No
644339668293541888	No
649364914725744640	No
642539202824011776	No
639683518759571456	No
646874387174572032	No
639562880501723136	No
640756091572236288	No
641674591237185536	No
643888308641095680	Yes
637374570626945025	Yes
646423708911955968	No
644742437521498112	Yes
644341235919028224	No
643940415771553792	Yes
640948302540861440	No
640476403155075072	No
640555899384295424	No
646483601714876416	No
639598143034687488	No
637299888263315457	Yes
639927249131540480	No
638418325064781824	No
639897173992325120	No
636493157165846528	Yes
639107485039751168	Yes
644691520008818688	No
637951849144803328	Yes
639693185258799104	No
643832684855361536	No
644870862869528576	No
641407207989374976	No
643982601355526145	Yes
636237659371802624	Yes
645359602553393152	Yes
644791163820576768	Yes
643970848970395649	No
637130465988624384	Yes
639227761186373632	No
639463179647496192	Yes
641808474729373696	Yes
639902297389146113	No
639228369889030144	No
642466587841286144	No
641017648940249089	No
643632316250779650	No
641216663145332737	Yes
639217007280308225	Yes
639075831508258816	No
635898225883418624	Yes
637614176031145984	Yes
645890103500537856	No
641756379749810176	No
639906484311191557	No
644611597483249664	No
641311229601030146	No
639249244981825536	No
641711138716172288	No
647353637577064448	Yes
640979591683817472	No
638426264777424896	No
640430138686111745	No
641346243533254656	No
644215352113541120	No
642280724826095616	No
639447847725731842	Yes
642468957950119936	no
639799948377235456	No
642261798171734016	No
644952311127785472	No
641479475729985536	No
641380959892312065	No
647080499123482624	No
640413414192386049	No
641172341876113408	No
640997429295321088	No
644218707481337856	Yes
639807995572977664	No
640571818634407936	No
639344805928046593	No
638739606880423940	Yes
637439299785330688	Yes
640182271304167425	No
641025944765927425	No
641024088429891584	No
638502196091465728	No
639445303880495104	No
647769338267738112	Yes
638506396372332544	No
637749425713119232	No
639471279112908800	No
643869445518139393	No
646097965174525952	No
642230163862867968	No
639564764075524096	Yes
641702239992590336	No
638547599088226304	Yes
639638381597728768	No
646315674659364864	No
641062067169005569	No
643986518059577349	No
643491095305846784	No
638838744221507584	No
645048202803191809	No
638581840559763456	Yes
648077049551319040	Yes
635663235774066688	No
640709518913961984	No
643291801772666880	No
640985448454553604	No
645987197708075008	Yes
638517392356864000	No
640648420177215488	No
639995006749552640	No
641361615334453249	No
643957860729274368	No
637540534836334592	Yes
636203862853054464	No
639238198707621888	No
644118195851259904	Yes
639292962107752449	No
642538010035273728	Yes
642773721481015297	Yes
640746424527908864	No
647015523591528448	Yes
642456040689152000	Yes
638230059506094080	Yes
638632817241407488	No
636071746047619072	Yes
638950455251365888	Yes
645441227664588800	No
642017775976845312	No
637642257428930561	No
638346237402443776	No
646102332233543680	Yes
649350109101031424	No
639681525244538880	No
639292232005234688	No
641360521145421825	Yes
637321383609942016	Yes
636771851721687040	Yes
639306121052856320	Yes
644332216089120769	No
644528066526617600	No
641250968655392768	No
639081998653521920	No
640199920746532864	No
639168381271285760	Yes
642740248305274880	No
640681195274006528	No
640727253832220673	No
638501882537734145	No
641428717957455872	No
641446094988267524	No
639818056370397184	No
641442601682362369	No
641843955244531712	No
639436426635902977	No
643920665817387008	No
638812404390821889	No
639212749231419392	Yes
640814950626099200	No
642671254244315136	Yes
642596434819190784	No
639269826603515904	No
644565226348769280	No
642132086376263680	No
645426522791120896	No
643884833559736320	No
640600238588362752	Yes
641209014517301248	No
641200482485174272	No
639230316520022016	Yes
641423417514790912	No
639151582215405568	No
646681282437517312	No
639625925290799104	No
639749052851077121	Yes
639694897793003520	No
640722814530658304	Yes
640052774097436672	Yes
636407832053571584	Yes
640398911522406400	No
643567763118665728	No
639882388965826560	No
640975799680565248	No
640268264090656768	No
639572136986738689	No
641226060550545408	No
643420390375731200	No
642138172869115904	No
645443522196324352	No
640325760935460865	No
641654969779654657	No
642495185960615936	No
641731021596061696	No
639045591603871744	Yes
639673774359474176	Yes
639336247001899008	No
640641859669266432	Yes
641329301384732672	No
635893659683061760	No
640930310440505344	No
641623842662649856	No
640643767163228160	No
646345518763872257	No
638878228535361536	No
640746650659516416	No
641323251889778692	No
644027710021484544	Yes
639353143214624768	No
639564966547222529	No
642745871088553985	No
642565381106696192	No
640777189240270848	Yes
637706912990142464	Yes
641516090166644736	No
643296838297063424	No
640004588783865856	Yes
643883374747222016	No
637744675944837120	Yes
644309637571964928	No
638801546017419264	Yes
640540516162117633	No
640620432031354883	No
646184536431157248	No
639396161795825664	No
642383596456558592	No
638447504929914880	No
641430056104013824	No
648473955184058368	No
643879947837140992	No
636843385962299392	No
644311670521765888	No
640900688197906432	No
637859269103058944	Yes
640883275511164928	No
643316264627113984	No
649055488777322497	No
641632665284780032	No
646489686110703616	Yes
640798990829641728	No
642191997332119554	No
636378911379599360	Yes
644321413185302528	No
641963707812216832	No
643960939994333184	No
640957383783616512	No
642807914965692416	No
640991073595056128	No
640029387509751809	No
640605571209687042	No
639372230590398464	No
643558221081407488	No
641367749705486336	No
642720108566196224	No
640525313278111744	No
641440140942950401	No
640872847997468672	No
640537301374922752	No
640024513418297344	Yes
643441038384697345	No
640762165578743808	No
644899301487841280	No
638700893685305344	No
639632257129533440	Yes
643278770753929217	No
648602297497481216	No
639651403846160385	Yes
636915014251741184	No
637698059871227904	No
638307178890313728	Yes
639476606436687872	No
639678188491288576	No
639291304690642944	No
644007679392919553	No
639346510337970176	No
640583038762622976	No
643539605908779008	No
639999567967076353	Yes
636417806247051264	Yes
639545410135175168	No
645027598007844864	Yes
640034288486879233	Yes
639544412092125184	No
643582565010419712	No
639249111716270080	No
636247391608270848	No
646980495281012737	No
640957407473045504	Yes
640394522627809280	Yes
641579633838653444	No
639511848476377088	No
639258707763851264	Yes
640220237992955904	No
641273986878324736	Yes
647213117823418368	Yes
640486134284357632	No
638781143744151553	No
642005355417964544	Yes
646610013751013376	No
639245127475666945	Yes
638789709590827008	Yes
644402503556005889	No
643880427506110464	No
636725393102389248	Yes
644948486262259712	No
643774470180704256	No
640973189703577600	No
636444082064101376	Yes
636235453398675456	No
640008272766865408	No
641064555850940416	No
636347896137289728	No
638979256282845184	Yes
640346102999334912	No
640852959136387072	Yes
639625293523722240	No
640964939478343680	No
642148458980319232	No
647279374916567040	No
639473095460450304	No
646543063901409280	No
636963479166058496	Yes
642409554563612672	Yes
644310773431463940	No
642812902110433280	No
643891889721229312	No
644711689158590464	No
638035783644004352	Yes
636509079070986240	Yes
636325000161550336	Yes
641392827046334464	No
643970030632353792	No
641031543348031488	No
643941312534675456	No
643961680033005568	Yes
639745695365337088	No
640141552296284160	No
643973321059528705	No
639790078836011008	No
639658476088725504	No
641885584970137600	No
642677664415916032	No
640237234650636288	No
644253596960227328	No
643882236081639424	No
636320461207535617	No
641454124576313344	No
640686446265901056	No
641180556529676292	No
639928668664365056	Yes
636752141378412544	No
637416501759205377	No
639706434947686400	No
641768014753476609	No
640953299882016768	No
639499572268695552	No
637624848001445888	Yes
641378960811552769	No
639289336895160320	No
636596762224947200	Yes
635981620479066112	No
645281149871263744	No
636185462680391681	Yes
639990629058129920	No
640258862101041153	No
640532543800872960	Yes
638712043269439489	No
639482410812502016	No
642470196544970752	No
637002182080917504	Yes
640766649931468800	Yes
640584258126512128	No
640374330812055552	No
637515125902053376	Yes
636070000776904704	No
642080177594331137	No
641356284835434496	No
642775149159260160	Yes
636765520126193664	Yes
642371545185185792	No
640999904492548097	No
643555161529548800	No
639261029021552640	Yes
645818062000771072	No
643534015266451456	No
641034407588065280	No
646085993360138240	Yes
642146658927534080	No
645807747561205760	Yes
637466934141919232	Yes
646333385569382400	No
639047391828701184	No
642036246072573952	No
638430387572641792	No
645996904069922816	No
644002645573783552	No
639967160819953664	Yes
640476902969311232	Yes
639108894820732928	Yes
638608425262448641	Yes
639495874889052160	No
643473235615580164	No
647277874337026049	No
641675414520340480	No
639535809222307840	Yes
646512590315782144	No
643818296110809088	No
649127581783035905	No
638736898790436866	Yes
639361629382033408	No
639540445152841728	No
640410898901766144	Yes
639764535247773696	Yes
640459824384372736	Yes
642033713958780928	No
643464583190065152	No
639913380946382848	Yes
646973352427565057	No
636671158293798912	Yes
637007414483677188	No
635946627639963648	No
638552528834142208	Yes
635844430382133248	Yes
641447601393418240	No
642847067375665152	No
639367636485324800	No
638906742684815360	No
642098153395761152	No
644942579092557824	No
647491969149706240	No
640806614124097536	No
644311375712518144	No
643732559835230208	No
639556393998094336	No
637807512830521344	Yes
641148409005654016	No
643894985163718656	No
645808266753232896	No
640030322474651649	No
643412883116658688	No
638466133444587520	Yes
644041917320204288	No
638769927621505025	Yes
645029445993009152	No
643242858988875776	No
641230004618141696	No
639780315276398592	No
643965359863697413	No
643837264708112384	No
643387367617888256	No
638524785140568064	No
641272063907491840	No
636745404785262592	Yes
640752457568645120	No
641300288096366592	No
639236382720815104	No
636287524609069058	No
641460025416814592	No
639764518235607040	No
637068324225064962	No
644310604350558208	No
640929861650001920	No
643874510853251072	No
643901115445178369	Yes
639374529857499136	Yes
640751681420967936	No
639441067763363840	No
644018785532276736	No
640166907212079104	Yes
640833415017852928	No
642159957132054528	No
641968053463351296	No
637112385480863746	No
639263056418238464	No
642090590084198400	Yes
641434940186361857	No
636332563045425152	Yes
637531498992680960	No
642010006867460096	No
644269829323624448	Yes
642839190430810112	No
638576229977845760	Yes
639152817555398656	Yes
642514365992828928	No
637069267305828352	No
643982275298861056	Yes
643582901678817280	No
636269017418731520	No
638940692035702785	Yes
641716132018290689	No
641209007982534656	No
643496910460977152	No
645742989290160128	Yes
637130442974564352	Yes
646493893463138305	No
640014560674607104	No
639260633460944896	Yes
637206420027478016	No
640046093070376960	Yes
636378695297597441	No
636152951589982208	No
643554938996531200	No
644067856829820928	No
643965255111077891	No
643422472130301952	No
644038644664152064	No
641843505166479360	No
643296170563907584	No
644310245221756929	No
641980473959415808	No
641782261382168582	No
641806870898954240	Yes
641038338997116929	No
641231191614488576	No
639616799181545472	No
637047813012983808	No
643582043612295168	No
642671735125508096	No
644012988043673600	No
644856352787959808	No
643607146328756224	No
643638153660657664	Yes
640383693564084224	No
642271793781297152	Yes
638743862832402432	Yes
637759099145334784	No
639229578796400640	No
641615201767399424	No
638469516469661697	No
643958384002265088	No
643545486998274048	No
642049816520888320	No
640251826885910528	No
642520281316134914	No
640883290732396544	No
643851114677444608	No
646756728135139328	Yes
640932312096509952	No
639637501167202308	No
637454046350213120	Yes
646172403379245056	No
636588999356874752	Yes
639505024725311488	No
640547326529024000	No
638706436105732096	No
641651963503976449	No
644441013197668356	Yes
641264385080561664	No
644603259597004800	No
648299038773608448	No
638780397854294016	Yes
640002167575851008	Yes
646078611779403776	No
643273040021708800	No
640770084202512384	No
644124730996453376	No
644312586003976192	Yes
642355491922833408	Yes
647164480070254592	Yes
639265971530768384	Yes
639356070712885248	No
641397030472953856	No
637083576199086080	Yes
645691003748286465	No
639239306184421376	No
640377369723842560	No
638047935511465985	Yes
642351269353492481	No
639814103813361665	No
639577534800072708	No
641913393939615744	No
638576871764955136	Yes
641389363302109184	No
640773529177231360	Yes
641409156390383616	Yes
647401044868268032	No
645114808346517504	No
640517879478255616	No
638979145935011840	No
643594155399249922	No
641138337395249152	No
648666772942360576	No
642020598655266817	No
638655957824745472	No
638409661075603456	No
643870289487634432	No
639339438984830976	No
644955113090625536	Yes
637483399989587968	No
638765791622467584	No
643456958264119296	Yes
643997666158907392	No
644046300472868864	Yes
639782227472052224	No
643609518912331776	No
638045379129438208	No
641400720013590528	No
640543298197831680	Yes
642224993129005056	Yes
644313974721376256	No
640985460546928641	No
636438990921551872	Yes
644656955856973824	Yes
640081142939545600	No
642160692322258948	No
636673366951247872	Yes
641345675733524480	No
638396008628490240	Yes
642196557413093376	No
641016395334029312	No
637397399208488960	Yes
638944194745212928	No
644314219068923905	No
641078041276383232	No
641071890371481600	Yes
641079264377335808	No
640331795037319168	No
641387222659260416	Yes
641234506704224256	No
639277740257083392	Yes
639181994061074432	No
641669472571494400	Yes
641591081143042048	No
641718875923451904	No
638784852758798336	No
639255132484567040	No
639527296437735424	No
642331475350786048	Yes
640509762338054145	Yes
643259122880614401	No
643633227991805952	No
636418364621979648	Yes
636961174907584512	No
641114160395325440	No
648008279675695105	No
639977509954695168	No
643871538127745024	No
642779332109275136	No
646393422731943936	No
637308260375068673	Yes
644312939068043265	No
641106609545039872	No
643593676757815296	No
645823366427975680	Yes
644859800535199744	No
643986640474644480	No
644425084329787392	Yes
638064917124222976	No
641122511518724097	No
640904703862181888	No
639289921539342336	Yes
639914102094213120	No
639619690227232768	No
643221301310558208	No
646174363088084992	Yes
643957179385417728	No
642742846689280001	No
643936260562653184	No
642281881791172608	Yes
639500228807262208	No
645064565768622080	No
639917959054557185	Yes
645391286850052096	No
636298432001392640	No
641648323015913472	No
639524409493975040	No
644658479957979136	Yes
643977358450499584	No
639234660883533824	Yes
636087135469207552	No
640427818841731072	No
643256574362943488	No
648933402998128640	Yes
641420958515892224	No
643829363289497600	No
640404886551703553	No
642111293147729920	No
643437110217805824	No
637640867071655936	Yes
640284197874216960	Yes
639266522779754496	Yes
644655654272004097	No
641352625481379841	No
642082083737890816	No
638541691172032512	Yes
639736309599219712	No
643616617356660736	No
644380574124105728	No
640635605894959108	No
641340439350505473	No
640883963133825024	Yes
639393050507132928	No
640573348972367873	No
639562115355832320	No
642820547550646272	No
641755573843791873	No
644656982960422913	No
644299571347132416	No
647051381484974081	Yes
647410771912032256	No
641678114221858816	No
642177583233298436	No
641337120385314819	No
640569105486086144	No
639106231890788354	Yes
636181033285644288	No
646893840079585280	No
643810544193966081	Yes
643995796489281536	Yes
641277864713695232	No
646109251954413569	No
643632772494528512	No
646779361668894726	Yes
638463486427664384	No
641349604978487296	No
640019836127440896	Yes
638782765140451329	No
640819694270857216	No
648436260470587393	No
640760657822941184	No
640617282146861056	No
640286892253159425	No
642797630939111425	No
644154228211105792	Yes
639355400387739648	No
643902956245413888	No
640274581836722176	No
640751072873680897	No
647039524107751425	No
639521530016366592	No
642672147547168768	No
640059509822504960	Yes
638160144564510721	Yes
641829583377993728	No
646176757138112512	Yes
638438060632481792	No
640206245929091073	No
639847288005746688	No
635978433907003392	No
639292112958193664	No
637185889542782978	No
638781275680174080	Yes
639283782328053761	Yes
637628875460202496	No
636762065965682688	Yes
648982408444841984	Yes
643970832054640640	No
641320751627374592	No
638806959106433025	No
646981627000696832	No
636400057126793216	No
641286640254734338	Yes
638829917623312385	No
643853367236816896	No
638935655830175744	Yes
642342178329600001	Yes
643656381241929728	Yes
640747593505484800	No
640174084526055424	No
639847946326970369	No
636306879652626432	Yes
640550274151546880	No
642049742239723520	No
642166742148497412	No
643534405093470209	No
640739165781536768	No
647367366112776192	No
635999709191086080	Yes
647489265207607296	No
644474840678666240	No
644314549051621376	No
644671976275996672	No
641805627270914048	No
639337159699341312	Yes
642804468527067136	Yes
641722629754195968	No
640178962690256897	No
638846030054715392	No
645024881973850112	No
641261455266979841	No
644310120868872193	No
643388286522671104	No
643597288225546240	No
640894326772379648	No
640951103731953664	No
638052725209477120	Yes
641348501062840324	No
636244436981256195	No
640430184173142016	No
643996604807016449	No
640788983425957888	No
643261280900419584	No
639606607404486656	No
637444152473579520	No
640561976666640384	No
638789294031826944	No
637767267506237440	Yes
640648929495773184	No
638452696312229888	No
647399287706533888	No
641446009583894528	No
642477133353369600	No
637437362855919616	No
642466568186675200	No
636045272288591872	Yes
643491719334502400	No
639234909123575808	Yes
641309238799822848	No
639441712885166080	No
641030194707345408	No
639902596229124096	No
647657351936262145	No
639374817204924417	No
642368917244092417	No
641156207323955200	No
641050941420998657	No
638490043925921792	No
643935769774694400	No
638738949305933824	No
639974473643462657	No
640819211200237568	No
644660644868808704	No
640640578133213184	No
637658033838006272	No
648559060455784449	Yes
642517339511123969	No
643897788871258112	No
638828219811020802	No
636294175072260096	No
642841459276713984	No
642816818478841856	No
643784624557174784	No
645540883127898112	No
645054066746347520	No
648930651081691136	Yes
640281098858168320	No
639670140674535425	Yes
641271729260773377	No
636034421129277440	No
640162690053242880	No
640361011690627073	No
642030340807237632	No
638146627946041344	Yes
648562861627822080	No
643808382156038144	No
639905792448139264	No
646097179036155904	No
640479143184830464	Yes
644312076580728832	No
646314850017243136	No
639620605797535744	No
643938090684387328	No
642017701129400320	No
645252122016133120	No
642059527102185472	Yes
646317203504152576	No
644180607640182784	No
642106720869707776	Yes
640844309336596480	Yes
640650168459726849	No
640270246918627328	Yes
643243584079040512	No
642485626852368384	No
644069876429135872	Yes
641506818934509568	No
640961784933806080	No
639309656980983808	No
647344054905237504	No
644251496301920256	No
641425905751953408	No
642596163896479744	No
638541922932551680	No
639034184623747072	No
643790197885399040	No
640324049474822144	No
638263761430806528	No
640193861814480896	No
636354495811862528	No
646544020752105473	No
638118286748598274	No
642470745021378560	No
642130684266590208	No
641824616114094080	Yes
644996809899819009	No
640193284845891584	No
635688216847237120	No
640767964669546497	No
639244647202750464	No
643967413231439873	No
639211547533770752	No
641304487676805120	No
645113880419639296	Yes
636176802235424769	No
643595397248745472	No
640393624585416704	No
640800960533532672	No
646686625628557312	Yes
643571862732173312	No
640379350173376512	Yes
647226705283825664	No
648669303546380289	No
639246519326146560	No
641643936239349760	No
640001636325289984	No
639173836311797760	No
636382531865198592	No
639788320046710785	No
640948884148088832	No
637441573240881152	Yes
639569238370447360	No
641449371859423232	Yes
640036799323238400	No
641484006790336512	No
641429040008663042	No
641834355560685568	No
638937637911445504	No
639420239533461504	Yes
638935633583456256	No
641678096253480960	Yes
639799318984175616	No
646315763737985024	No
643955923505930240	No
638758362323288064	Yes
639141059050631168	Yes
643938480888778752	No
644552741587697664	Yes
642192384030339072	No
649107749129711617	No
641504914712215552	No
646077582450909184	No
643630210617868289	Yes
639848039432257537	No
640582986795216901	No
640883613890949120	No
643790934954627072	Yes
640334681267826688	No
640563926095253504	No
642006976134709248	No
644822934180208642	No
647396300934250497	Yes
642832732033150976	No
640669586120134657	No
638660995670536194	Yes
641102985775284224	No
638373687834619905	No
637757414889127936	No
636055738335399936	Yes
639973071911301120	No
637072773823774722	No
638426588007153664	No
638536340552974341	No
646863383275270144	Yes
643944332555218944	No
645753959177695232	No
641123364099129344	No
642727331593715712	No
638754529354252288	No
642698464145580032	Yes
642395757773914112	Yes
640319953745367040	No
638748632540401664	No
639640388962254848	No
644009731846209536	No
641438143254687745	No
644037677398884353	No
639692513352249344	Yes
641560657553289220	No
639243428027461632	No
640238695908515841	No
646041851149991936	Yes
645751834800295936	No
639344712495796224	No
645615309831958528	No
639477130187964416	No
642537743575179264	No
638542869037477888	Yes
639277598711791616	Yes
648033666912882688	No
641380237490696196	Yes
647246925289390080	Yes
643962999103967232	Yes
640049472840466436	Yes
643329709145616384	No
639588129234649088	No
647497140332285952	No
640571577696780289	No
640381633309184000	No
645048104803282952	Yes
638463482325827584	No
639897576171544577	Yes
639664195491860480	No
637802812085133312	Yes
644034310807261184	Yes
646142132533641216	No
641266713460350976	No
643520063790804992	Yes
639249516252790785	Yes
643667086565216256	No
643977476918611968	No
639372456017424384	No
643922713749262337	No
640235094255407105	Yes
642449401714221056	No
640635665504272384	Yes
636168338620616704	No
641059411142688768	No
640057529045663744	Yes
640386520537559040	No
636282813696897024	No
644591681350668289	No
638447502375714817	No
640415334978056192	No
644401943381737472	No
647404424093003776	No
640195222354313217	No
644314184528887808	No
643788323949973504	No
643762103543795712	Yes
640341519338090496	No
643796452515430400	Yes
643594043864313856	Yes
640402960007196672	No
639868157306474496	Yes
642106776821870593	No
642463572635717632	No
638811036313878529	No
638207905074913280	No
638919175294054400	No
640323323604262912	No
642535233493925888	No
638647404049272832	No
638760780259827712	No
643986839574065152	No
641428300250779648	No
643931900361490432	No
638430960829071360	No
643995773684744192	Yes
641020412906840064	Yes
641116420382699520	No
641841060155518976	No
639809793595691008	No
643850638800080897	No
645805211970326528	Yes
639070361120804865	No
637138879414341632	No
637005500572401664	Yes
647258792170643456	No
644778129702023168	No
638577563296624640	No
640574667661668352	No
639262713244311552	Yes
640955594988486656	No
641002399532843008	No
639337287055220736	No
638265387063185408	No
642090029867667456	No
646529422648971264	No
646372621072920576	Yes
641079813676077056	Yes
639878265209905152	No
643548027395932161	No
640896417125531648	No
636748123675619328	No
640485614215794690	Yes
642230429853069312	No
640968056441831425	No
639357343411515392	No
640242526096609280	No
638074832974950402	No
642530701473128448	No
639754884150005760	No
641096144777383936	No
643872937754382338	No
642125519564222464	No
641056002868023296	No
639509282929647616	No
643660884145930240	No
639836959871864832	Yes
644373296574689280	No
646034740219351041	Yes
643937625351393284	No
639972849621467136	No
642708895866204160	No
638440498135302144	No
647853116478652416	No
645437616268148736	No
638241435771244544	Yes
644019967210360832	No
641989263496613888	No
640783548903911424	No
643566012827365380	No
638837809176952832	Yes
640989987132043264	No
635952692888670209	Yes
640747014586793984	No
642776207122042880	No
643918742645272577	No
643850626942828544	Yes
640556644691255296	No
639344407108390912	Yes
636509124633559041	Yes
639811483543715840	No
639347266143285248	No
638765995201458176	No
641450874712162304	No
638541050940821504	No
641304581809377280	No
638512764852523008	Yes
643518984533463040	No
641363040592510977	No
636956024667156480	No
643570143608610816	No
645152682517270528	No
637478293931868160	No
640544687908982784	No
640611674483916800	No
643734933995843584	No
640884415753654273	No
643774186368974848	No
641805678047268864	No
638263696683175936	No
638439906092515328	Yes
641146248456572928	No
646427319431770113	No
639283006713282560	No
646849037593931777	No
639311291346104320	No
636594957470470144	Yes
644738922250022912	Yes
641083634699497472	No
636438884155527168	Yes
639876960332697600	No
635645935813570560	No
643507149545558016	No
640911732714553344	No
636103334579998720	No
640806131997118464	No
645484273441632256	Yes
641022307750666240	No
643809163475320832	No
642491249262526465	Yes
639451726060367872	No
642389247966728192	No
646418442044751873	No
637250005405986816	No
639378337975005184	No
643678114988584960	No
639792160020238336	No
643945462844796928	No
641051298402578432	No
639459803899822083	No
639189347762372609	Yes
640407977418194944	Yes
648636211377111040	No
637751571544150016	Yes
643653420272873472	No
643940737894215684	No
640703347482345472	Yes
637259931574489088	No
638865339024023552	No
641325994700341249	Yes
641378057928896513	No
641427158364131328	No
641332868631953410	No
642559288024657920	No
644309910340026372	No
641196395160956928	No
639538762775719936	No
640100263286599680	Yes
641501185418113024	Yes
648855821246406656	No
640571476534366208	No
647973265290342400	No
644540843458752512	No
641336662962778112	No
638934231868006400	Yes
641045600478326784	No
644739292468801537	No
638619865868333058	Yes
638931554912325632	No
635989275046100992	No
640072002351538176	Yes
636603789588480000	Yes
648672816674373632	No
643939104929902592	Yes
640483635976507392	Yes
635763999745839108	No
644305454298996736	No
636367759488626691	No
646980905370783744	No
643562650530656256	No
641839517826174976	Yes
644322937991004160	No
648690338023014400	No
636368331205951490	Yes
636229067373608960	No
639320993320693760	No
648675937438015488	No
643621605864775680	No
636911334664175618	Yes
639857839733800961	No
638484577854558208	No
643330679485272064	No
648750934475063297	Yes
644450700181696512	Yes
639349258039263232	No
640954495762087936	No
640677126161608704	No
639287208164368384	No
642765717792759808	No
641107103856332800	No
641785967754518528	No
642825038383742976	Yes
643910321531416577	Yes
641414588299366400	No
641444426934525952	No
643240801661808640	No
644310704451887104	No
640984165417095168	No
640029615197523968	No
639497868001214464	No
636661576250949632	No
641723867954839552	No
645752224526827521	No
638597205331316736	Yes
638807894805344256	Yes
638187561681182720	No
638602673890062336	Yes
645814558582546432	Yes
638547418439507968	No
643971897353482240	No
644368413335396352	Yes
639845200693723137	No
645819985093267456	No
640759449502674946	Yes
637806184615940096	No
642092968082456576	No
639307761533087744	Yes
646715739727110144	No
640130928224923649	No
645184575941967872	No
640260584496168961	No
643965059551612928	Yes
640659167741652992	Yes
641395103118917632	No
639665360933920768	No
643990376450293760	Yes
644044164783435776	Yes
639441417509699584	No
646056803151814658	No
646979773093146624	Yes
640576760439046145	No
640540986289074176	No
643739950270181382	No
639245715693268992	No
642628381377368064	No
641005756595240961	Yes
644830758511620096	Yes
637742477194211328	No
643766152565551104	No
638256368219201536	Yes
640995850357870592	No
640926992670531584	No
641292841197694976	Yes
643659271104651264	No
640938213511557121	Yes
646974055682285568	Yes
638073376515457024	Yes
639582279900135424	No
644427464672808960	Yes
636205940182773761	No
643987683845345280	Yes
643509361973796864	Yes
643959759918526464	Yes
640973554230665216	No
638499479474323456	No
638989907696816128	Yes
642477080358330368	No
644061932476067840	No
641105768540827648	No
647295362387046400	No
639135322954035200	No
636359927364235264	Yes
641335853264990208	No
637030945325887488	Yes
636782170313490432	Yes
644280794341502977	No
636393572011388929	No
642664388776689664	No
643596776293797888	No
647995515850858496	No
636510733908316160	No
636235422872506368	No
640755033097699328	No
638179911753076736	Yes
647053420268908544	No
637428164877242368	Yes
639905549216317440	Yes
645036582861438976	No
639333043468042240	Yes
645548234622963713	Yes
642220944887521281	No
636024204391936000	No
641256773127553024	No
642682965395415040	Yes
638568467583606784	Yes
641082399598641156	No
640972220035018752	No
638071498641555456	Yes
636018468999958528	Yes
639326717656596481	Yes
641298896795254784	No
641712917344350208	No
643763666236608512	No
635691944924962816	Yes
640805422941638656	No
640654210929831937	No
643331722717761536	No
639789389892198400	No
635711347066404864	No
638836822756319232	Yes
641150283867820032	No
642145677980626944	No
641793393669079040	No
640422117352173568	No
640408202836840448	No
639841207892447232	No
643437682731958272	No
637724520166637568	Yes
643803518160269313	No
637971898496876544	Yes
637873890165846016	Yes
643821167661346816	No
636337497023250432	No
647091722191671296	Yes
642528881413607424	No
645683454110109696	No
643744866892128256	No
643937852989042688	No
647166480501489664	No
641275711093874688	No
644314207018745857	No
640136341682950144	No
644068151345446912	No
644619341665861632	No
639876347108716544	No
641796658057994240	No
638590180102942720	No
643934313197649920	No
636291142628151297	No
640551351869685760	No
636171226117996546	No
643968633748766720	No
642539747982897152	No
636742599735410689	Yes
645340097152323584	No
641486977523564544	No
646756149090455552	Yes
636432428706463744	Yes
647081417038499840	No
636614963986104320	Yes
639124554045104128	No
638989496231419905	No
636321928467255296	Yes
641757259312295936	No
637575395177537536	No
640007575967174656	Yes
640304885246767104	Yes
641348530217467908	No
635927069864538114	No
640353962726588416	No
638429195660476416	No
644828218298605568	No
637121160975622145	No
646317076630499332	No
644726173314912256	No
641001847583559680	No
639520934517448704	No
637452697562685440	No
646315464856088577	No
646564631813746688	No
643615476212473857	No
639992362614304768	No
636406172191297537	Yes
641387540029706240	No
643606974312091648	No
639655802689576960	No
644221594483736576	No
638831790459752448	No
639228847536275457	Yes
640744110375088129	No
637108162076606464	Yes
640604431671816192	No
646102122547802114	No
641436871336304640	No
643242073815187456	Yes
644672371366850564	No
638521322637774849	No
637552352397033472	No
636227450318536705	No
644644098796879873	No
641902924059250688	No
640176099427786753	No
638842242380234752	No
643576191740346368	No
639540526220447746	No
640961650871373824	No
637423979465179136	No
644891447049719808	No
637890656149475329	No
641645057066594307	No
635627493832163328	No
636106156713230336	No
636352431400456193	Yes
641949891564929024	No
646283652700069889	Yes
643774790768136192	No
642414528060334080	No
644309754643378176	No
641961737525284864	No
643764212347506688	No
639201576461148161	Yes
642174929421496320	No
642798781021454336	No
642258635612008448	No
639255311161790464	No
638204161977270272	Yes
640235977613537280	No
639315032715730944	No
639541210168758272	No
644067817688436736	No
647137908298674176	No
643999234417520640	No
639231003458932736	No
643497765444653057	No
643927821195210752	Yes
640808842066944000	No
640518379686764544	No
644922166258085888	No
643408492766715908	No
639224901400961024	Yes
643927716757131264	No
641994911424860160	No
636648163554820096	No
643780912522641408	No
639843450825871360	No
640654524441587712	No
639690477244014592	No
639823721465782272	No
643655801849032704	No
639860265547341828	Yes
639317749555007488	No
641684149217173505	No
643526517646061569	No
646318351782907905	Yes
642472380359680000	Yes
641452724249329664	Yes
640041942638702596	No
639654473921626112	No
644312322014470144	No
643642263902404609	No
640571306619052032	No
639925793695510529	No
646571136948441088	Yes
637461876394225664	Yes
643237427247718400	No
640184358322745344	No
640404432702668800	No
639098249194831872	No
640691633365737472	No
640252440676315136	No
643833906358190080	Yes
648813479449767936	No
638550725497344000	No
639684429279944704	No
644790529062998016	No
638574398270738432	Yes
639248369102254081	No
640723330421686272	No
644309609218486272	No
639821548921204736	No
644147851438649345	No
638511972552736768	No
637719676437532672	Yes
639235452877205505	Yes
638433234389438464	No
641821633624326144	Yes
639432233397452801	No
640066340338794496	No
646315599044452353	No
640661284137005056	No
643874134192222208	No
639301001351032832	Yes
641259079885713408	No
638178657781964801	No
643261089539588096	No
644403305402208256	Yes
639455334692745216	No
644641289934245888	Yes
638711756836237313	No
638739959025922049	No
638772226767122432	No
636133622156652545	No
640612692131250176	No
639873234217758720	Yes
647275139357392896	No
643877103599878144	No
637146259078279168	Yes
641392094708371456	No
637885148214661120	Yes
637347261681377282	Yes
641791952992792577	No
639608022596210688	No
642766650572472320	No
642813721291657216	Yes
643953118028427264	No
638398511390814208	Yes
646229589337972736	No
641311591602982912	No
643914726733430789	No
638852700143136768	No
638568268106608640	Yes
641672668136140800	No
642365332645105664	No
640959960445267968	No
645407010368851968	No
644314239130320897	No
641693603761364992	No
643852437946765312	No
636367650570956800	No
649221297973628928	No
639234683989921792	No
640368296471207936	No
638698460477321216	No
641768505709211648	Yes
644308235084689409	Yes
641447771807965184	No
638960863127334912	No
640994236045893632	No
639861284406755329	No
638567055642374144	No
647252171558400000	No
638849982473347072	No
638503842812837888	No
641134759347810304	No
642735680121016320	No
647054207594401792	No
638299089793232896	Yes
639241443182161920	No
641110373232345088	Yes
639563075893358592	No
645338590386352128	No
646650138627190784	No
641274519072702464	No
638569849548050432	No
644308772534517760	No
640730259499941888	Yes
639677240607940608	No
639874946697678850	No
640293552090685440	No
640307369793073152	No
643319742980206592	No
643884426078777344	No
643881294468894720	No
638820349803565057	Yes
641148920278724608	No
644014610148892672	No
641658974656270336	Yes
646166567915536385	No
646316305495289857	No
644346515637452800	Yes
640319777525731328	No
643626070688710658	No
640353905675624448	No
638658818000441344	Yes
638583596085870592	Yes
641308464153804802	No
643371911376961536	Yes
645046294281490432	Yes
641064690081210368	Yes
640607789522354177	No
637637037147844609	No
640930775634964480	No
641774793637933056	No
640547397844647937	No
641718357323087872	No
642300667206332416	No
643770030002413569	No
640279018307104768	No
640272071956803584	No
647433553999974400	No
640601867697934336	Yes
640552338260918273	No
641104336660074496	Yes
636025104388853760	No
639656229329985536	Yes
638764197619335169	No
645754089100316672	No
642451671889506304	Yes
645794507083149313	Yes
640968195042471936	No
643602813013127168	No
643623472149757953	No
645061611305218049	Yes
639356707869593600	No
639458885137379328	No
640040408886587392	No
640995244712955904	No
640617552956248064	No
644976672681406464	Yes
644318534156353536	No
642155993904754688	No
642261951570157569	No
641979862668939266	No
639252349198819329	Yes
643778323626110976	Yes
647366429927469056	No
643982050953981952	No
644308798686015488	No
646907124241539072	No
639826057399533569	No
641423678333255680	No
642781938743382016	Yes
639247124706660352	No
645611232796393473	No
639411906416021504	No
638059416529600512	Yes
647200113245462529	No
638516909885911040	Yes
640723159898046465	No
639650191281295360	No
640792244073558016	No
644309320885215232	No
640227387368710144	No
643601706765283328	Yes
637349095993008128	Yes
641447328281329664	Yes
638164529835184128	No
639867845380149248	No
642365660480303104	No
637439481377853442	No
639644063151452161	No
641338264608116736	Yes
648960545194930176	No
647958876835307524	No
641482831609229312	No
636600929781833728	No
643597557487157248	No
639579075447619584	No
644453393864486912	No
640045580417241088	Yes
643588873629536256	No
644251479516180480	No
641665931702218752	Yes
640001643728269315	No
639261572146311168	No
638405632513691649	No
641242791734038528	No
641173189738004480	Yes
642655023554502656	No
645664360371720192	No
638770587280801792	No
643246736606146561	No
641106616234848256	No
642157791012978688	Yes
643876289414234112	No
646021139924393984	No
644400515770544128	No
641766227019460608	No
641421078942748672	No
638960980710440960	No
640196473515327488	No
640344883983585280	No
642727027246800896	No
635986849387970560	Yes
643726544314085378	No
640139018726961152	No
643435078329217025	No
642189561032916992	No
643950741309259776	Yes
639603724772511744	Yes
641994411031830528	Yes
641082918828380160	No
642582525869735936	No
643886625936707584	No
639442788300496896	No
644713454029434880	No
639245205527482368	No
640916557066076160	Yes
639449308182376448	No
645751599567126529	Yes
639802549143515136	Yes
645615492904919040	No
639650144468779009	Yes
636919739105742849	Yes
637464038809669633	No
647593872940384256	Yes
636690987239251969	Yes
638801121549660160	No
636194072198189056	Yes
646449611373199360	No
649060729299963904	Yes
635857295482712065	No
643971623926788096	No
640316563673976832	No
645744630043123716	No
643822559172145152	No
638208357187260416	Yes
643850470226837504	Yes
639591348497195008	No
648239270168264705	No
638492859499319296	Yes
641168075908210688	No
641089845293617152	No
642268422387179520	No
640531727849402368	No
640615476125671428	No
647981546000023552	Yes
641189801832644608	Yes
640943375495991297	No
638513123180343296	No
642386071830048768	No
646352511977267200	No
639248074188062720	No
643941695323672576	No
637311946182799360	Yes
641684391031386113	No
637182517548875776	No
635937290754240512	No
637929226847539200	Yes
648299870973890560	No
640439656257970176	No
646350730819801088	Yes
639165580910665728	Yes
639372685630267393	No
636589975388209152	No
642416725582024704	No
645619724974292992	No
639927087885762560	No
640540538710589443	No
641517711063801856	No
643371630790447106	No
637706287736860672	Yes
637499609452052480	No
647259940491390976	Yes
649309377598517252	No
638551373030645761	Yes
638771893340762112	No
648013947619160064	No
648757413365985280	No
638228222421938177	No
643888930107076608	No
641358392334807040	No
638600734599217152	Yes
638020247119773697	No
645243596606672896	No
641466301739757568	No
647206353463848960	Yes
639535819364024320	No
641362846622715904	No
638776474594603008	No
639568467776172032	No
639988694619811840	No
639541349516099584	No
639791395209801728	No
637271371844751363	Yes
644213693207543808	Yes
639640137937371136	No
638346953332510721	No
642002105226522624	Yes
640463804808175616	Yes
641279189140635650	No
645012459569332228	No
639446462502334464	No
643661736034197504	No
645807930672066560	Yes
643975359835172864	Yes
643490868918419456	No
640970425959362561	No
642409444161269760	No
638885221732098048	No
639714478943109122	No
641447997679738880	No
643566299256258561	No
640378484037185536	No
637453062169341952	Yes
639803365560455168	No
636373575587336192	Yes
640579421284364288	No
638167728625311744	No
643808880011661313	No
641448944023638016	No
646875667485884416	Yes
640056057964814336	No
644903434143989761	Yes
646918745525387264	Yes
636217677254656000	No
639390594981330944	No
646402691330015232	Yes
638901071604260865	No
639421931729645569	No
643622682395701248	No
641451162990854144	No
639450117314101248	No
643641967067426816	No
641615617393565696	No
646976074254020608	No
643955597403127808	No
643966604418662400	No
641799713424076800	No
643981051774107648	Yes
640575557495824384	No
644656454725570561	No
639291572400427008	No
646978463145005056	No
643784690223087616	No
642404107114950656	No
643775851469914112	No
638831110126866432	Yes
637154585333796864	No
643575002659467265	No
643771758428844033	No
646166792424026112	No
636353792104112128	Yes
640887714586476544	Yes
638606245025333248	No
645462058016841729	Yes
644880522011774977	Yes
639249455275986944	No
642030143591051264	No
640603742807662596	No
636823278288375809	Yes
643665744731877377	No
638232891055579136	No
638820637524430848	No
638720745263136768	No
644313699755401216	No
642089233340043264	No
640056620173643776	Yes
639515639795683328	No
643607028057948160	No
639681627774304256	No
648911912974045184	No
640995893303488517	No
639630851374903296	No
642794485106081793	Yes
642333728937787392	No
648852379102760960	Yes
643807917901262849	No
639326814842716160	No
640797894539350016	Yes
643972545226534913	No
642763476713213952	No
644289869188071425	No
640162149885579264	No
638118170201493504	No
644431864745324544	Yes
637405933216374784	No
641473417594535936	No
636279525060382720	No
641720307158388736	No
639544162631741440	No
639880989611835392	No
640160628993212417	No
642108134526468096	No
644403041303678976	No
641731022757851136	No
639922188892676096	Yes
640363567246667776	No
643524138431303680	No
639259757577129984	No
640041926180233216	No
642074954687770624	No
640092566520619008	Yes
639315650356187136	No
639261211398287364	No
642197546207707136	No
638562754496962560	Yes
641819975687081984	No
642090215084019712	No
637486172369891328	Yes
640814847366701056	No
644309486484721664	No
643800152730435585	No
643639089166594048	No
644040220069900288	Yes
640050001989775360	Yes
643764214633496576	No
646317790983507970	Yes
641390307095941120	No
640310991411105792	No
643269907572875264	No
643997006923300865	No
638495895047290880	Yes
641633261349793792	Yes
640741943635415040	No
640275261221502976	No
646378551692759040	No
639293331843907584	No
641787862774513664	No
640038774647488512	No
640548289050464256	Yes
638770089022615552	No
640683270548557824	No
636130578169905152	No
642298650111033345	No
636249765416579072	No
642208253166792704	No
639599062501695488	No
645371311796187137	Yes
639804301406273536	No
638721904719691777	No
642776063362383872	No
644606570400215040	No
639654657543933952	No
646981202440769536	No
645327370400890880	No
643807635335172097	Yes
640849066436329472	No
641348148489617408	Yes
644399918992371712	No
637093951653195776	No
642127254361784320	No
646316184036581376	No
643817701685764096	No
641861100481454081	Yes
644308940805660672	No
646885136806584320	No
643632756749139968	No
644313270308966400	No
638750019714023424	No
640480315555770368	No
639730081674366976	No
644309999364145152	No
643589659084230656	No
641385052253892608	No
643666468626804736	No
640484417052483584	No
644579465826316288	No
643713662469976064	No
644775771182133248	Yes
644051142389854208	No
642431784303611904	No
643740219808702464	No
644200691179868160	No
647793549828866048	No
638852641406087168	No
640580389250011136	No
639768908082335744	No
640727870675947520	Yes
642806156440784896	No
646546073822085120	No
637847931501027328	No
643566983309619200	No
636636613922189314	Yes
639160978005864448	No
640435742720655360	No
640695194057318401	Yes
641247924094021632	No
642558739313111041	No
643960543829753856	No
639966483649445888	No
646007462101827584	No
639961219592380416	No
641120024485347328	Yes
643994253375447040	No
640547164997992448	No
639422598275727360	No
636336055180992512	Yes
640715130217623552	Yes
641591629174951936	No
638769375445651456	No
636550919908401153	Yes
643964207902273536	Yes
645754825905278976	No
638675240227237888	No
640933713266745344	Yes
639846147608170497	No
642608981228318720	Yes
646351552442159104	Yes
639283991980339200	No
641288911847710720	No
646437986897383424	No
643614015097323520	No
639741034990292992	No
637833849834225664	No
639503494945329152	Yes
642335484769869824	No
645752728900272128	No
642231394886795264	No
640916367684669440	Yes
645992942683881472	No
639829061401997312	No
643530237192601603	No
641857848465584128	No
641666655718871040	No
639557681762562048	No
647388415860695040	No
644656442155233281	No
636733686839283713	Yes
641327406444335104	No
638718713563344898	No
643667133826625537	No
643888099953651712	No
643612865891438592	Yes
640587125092712448	No
636713007972638720	No
639630670369792001	No
641058305822093312	No
639473013403070464	No
638624318310580225	No
636195027568300032	No
645798166332178432	No
647629292596170753	No
639298031376949248	Yes
642847795896979456	No
642510809256497152	No
640717739041161216	Yes
641011597557780480	No
642769041258516480	No
646050731888390144	No
640931697123430400	No
641211424656748544	No
647950932387463169	No
640152937482711040	No
641148158634954752	No
636246172601044992	No
640369135663222784	No
639301305907830784	Yes
639340534377484288	No
641235251080114177	No
644589101065179136	Yes
646523251665928192	Yes
639394537845166080	Yes
647123687406215168	No
639347132940484608	No
641081914917437440	No
638717291765432320	No
641030350890737664	No
639078613367844864	Yes
637295154643255296	No
642240722939150337	No
645790361063960576	Yes
640387339475398656	No
637182042287960065	Yes
640230501526163457	No
647429617649905664	Yes
644614487744507904	Yes
645704168661889024	Yes
640031405267783680	No
643350541909819392	No
645811664151949312	Yes
638443474241617920	No
641967293849710592	No
638007903912357889	Yes
642606940841885696	No
641997236122054656	Yes
645020004300230656	No
643272543655325696	No
640207349966245889	Yes
644131769390731264	No
642694658280292354	No
643565523175911424	No
639194429270659072	No
638817084839882752	No
641418784956395520	No
641139927883886592	Yes
641047081545809920	No
641329735402934272	No
644142190193565697	Yes
644656075363323904	No
640006743863377920	No
637859003201122305	No
640379839342608384	No
641116116987854848	No
638581955773267968	Yes
640919090610184192	No
636149665130397696	Yes
642689920440627200	No
640965254021816320	Yes
643943777065902080	Yes
635909477762531328	Yes
646720971538321408	No
645230968501104640	No
638878871169933313	Yes
635821291531055104	Yes
643989302351822849	No
636429822508445696	Yes
646430928361787392	Yes
642134903388250112	No
640686154577235968	No
643632418000379904	No
647640240509816832	No
640279648580972544	No
644314437332148225	No
641330885376245760	No
643509575472283652	Yes
636843054943498240	No
639849607829262340	Yes
636422046352805888	Yes
644376227445383168	No
642149246007836672	No
647788359616622592	Yes
644001111020539904	No
643661143190302720	No
644402538431705088	No
643645871280623616	No
641131667550302208	No
638494481386459136	No
639609486068568064	No
641093606493827072	No
642281466295095296	No
641171744590548992	No
643803871001903104	Yes
644017157697699840	No
643837852929929216	No
640562066042982400	No
640818937341603840	Yes
636275278717693952	No
642793546941091840	No
643949144889888768	Yes
638796337723654147	Yes
641729262299430912	Yes
643908168268021761	No
639656259818360832	No
643940346964148224	No
643592980931055616	No
639884268240375808	No
645908257941385216	No
640815345821945856	No
636151323159760896	No
642403964470829057	Yes
636787228614742016	Yes
643586585573859328	No
639661982082297857	Yes
640379525747081216	No
641663822470750208	No
641838611932053505	No
644086424971685888	No
641787023788011521	No
641950596480630784	No
641092551999492098	No
639230397402869760	No
638458426394198016	No
639593097379229696	No
648114850292338688	No
639049718740467712	Yes
640278680036605956	Yes
636756337096044544	Yes
641344921857753088	No
646506437795975168	Yes
640633430875709440	No
645616348303859712	No
646434624281833472	No
639518681488334848	No
639971994365116417	Yes
644299664452415488	No
641373498368225280	Yes
643285758137139200	No
639344944264683520	No
638929191501713408	Yes
637089991567392768	Yes
648498947921580032	No
640211129168478208	No
640277286206447617	No
643710109269553152	No
640019332345516032	No
642794608431353856	No
639578898959835136	No
642718108784963585	No
644693124103729156	No
639350627340972032	Yes
639466991498231808	Yes
644308821473517568	No
641105004317667328	Yes
643815512716152832	No
638167685214269440	No
639257159629434881	Yes
639474644794392577	No
644309710888263680	No
636968415962529792	Yes
639581869571506176	No
642479793007493121	No
639277844141617152	No
644199547531591680	No
638292191639699456	No
644000030806835201	No
644314906087428096	No
644699092430393345	No
646879236947578880	No
640186395009679360	No
639260293168697344	No
640810610414911488	No
638879408489648129	Yes
641571642427207680	No
639863111739179008	No
643969422516875264	No
641496590834757633	Yes
643962821185785856	Yes
641266075808632833	No
643250924564017152	No
637011937767763968	No
648625084425367552	No
638340825668128768	Yes
642826514069856256	No
639050805312516096	No
641710835685916676	Yes
641136709984382976	No
639305678616698880	No
638467291651416064	No
644310285696696320	No
647592459384553472	Yes
639601655437127680	No
640932682378125312	No
641228626210484224	No
642542545113776129	No
638488582022430720	Yes
643777047836389376	No
635968419062349824	No
643752113483464704	No
641414025792851968	Yes
641434747885907968	No
640567783688790016	No
646879109969244160	No
640317556641918976	Yes
641320977822035975	No
642123227125301248	No
641279998729564160	No
641370438589894656	No
640758069824200704	No
638808189241200640	No
639243202999009280	No
636127006493646848	Yes
638178313123569665	Yes
639913381365981184	No
639465378696036352	No
639292159468793856	No
639252220534349825	No
641710577706926080	No
640894322079043584	No
641055854142337024	Yes
644904891337547777	No
635640733051912192	No
649329198239084544	No
648716458243940352	No
642485169237172225	No
638807621231742980	No
640636662599557120	No
638183978235727872	Yes
640364856613466112	No
637504170002509824	No
639576892979331072	No
642016134888210432	No
641449127444766721	No
642299338572591104	No
638515066334146560	No
642398093665767424	No
640508990036639744	No
639392251421040640	No
641298737592143872	No
639681164614201348	No
636354052947845120	Yes
635697908306722816	No
648722679986565120	No
639175074675867649	Yes
636501931620454400	Yes
647860840750710784	No
648194310261895172	No
639286305239793664	No
641695532155580416	No
641021001715818496	No
640100024383373312	No
639954575810674688	No
636749177796620288	Yes
641052987394277376	No
639285378369785856	No
642723674597031938	No
645811776995651586	Yes
641509096768831488	No
640658160462770176	No
639272422462636032	No
643705049500286976	No
639971128857903104	No
646198436451061761	No
639288045414453248	No
644482841393385472	No
644712989048897537	No
643777882343477248	No
640620203827556353	No
640897835173457920	No
638722305774997504	No
636233773105946624	Yes
644193137976414208	No
640940579409387521	No
642318700641677312	No
642238190678478848	Yes
642132462768816128	No
639908919033335809	No
646316305931341824	No
638737118555148288	No
642569511351283712	No
635626338624372736	No
644402129831002112	Yes
643549449919295489	No
636359239489875968	Yes
640657098590789632	No
641055257548558336	No
640932797415354369	No
644570097189650432	No
637721590285905920	Yes
645080408594477056	Yes
643667675332407296	No
639927770387103744	No
644465756680421376	Yes
641443335547297792	No
638690085588877313	No
639131052603109376	No
640370015041028097	No
641625213587714048	No
640921078198595584	No
647251047258439680	Yes
639955469327425536	No
644376163675205634	No
644311153389211648	No
639226595362906112	Yes
638173430618042368	No
639769113837989888	No
646757150598004736	No
644310978289647616	No
643511921799471104	No
641439671034118144	No
643982611023572992	No
643871563708764162	No
641274043136614401	No
642156327981088769	No
645068170294886400	No
640074777290366976	No
637059016368254976	Yes
641362993414979588	Yes
642079961617055744	No
644311763593359360	No
642568873334575104	No
643861894177103873	No
643902733636890624	No
644296121829822465	Yes
639993209779654656	No
637473969034035200	No
644034052584927232	Yes
639164067584716800	No
643698702834642944	No
638053189095284736	No
643356204199231488	No
643344999392931842	Yes
643415317180469248	No
647512795211239424	No
642745627063914496	No
640172740914364416	No
636095571946795008	Yes
642005241001607168	No
638937168417689600	No
639952255588765697	No
640983502142369792	No
639514560593051648	No
639381457232920576	No
641629655620034562	Yes
640577101821685760	No
642592429162430464	No
644313046467219457	Yes
642215390836355072	No
643931441127002113	No
642577180166356992	Yes
641005933393518594	No
640704149928210432	No
644018720600231936	Yes
638086538014752770	No
639322358835187713	No
645075672147304449	No
643684451218817024	No
647349807867035648	Yes
636307764378124290	Yes
639335388847439872	No
639824488167796736	No
642954020835958784	No
639356558116290560	No
638949511902179328	No
640945648464826368	No
639951069993308160	No
637434633504821248	Yes
638785718165368832	Yes
643596133038747648	Yes
640977500491894784	No
647953181490548736	No
646974864113442816	No
643273940907991040	No
639973385879949312	No
639029678255181824	Yes
644046078136983552	No
637247197889855488	No
638385036497063936	No
637523002884689920	Yes
640409215622889472	No
647520191455305728	No
636378612862586881	No
643814359660142592	No
640274574505082880	No
641785079245729792	No
641195243858210816	Yes
643699279358394368	Yes
640033745857155072	No
640670575652929536	Yes
640630771204554752	No
642492038022193152	No
638762148995448832	No
637687762561269760	No
643801350438912000	No
637010412618260480	No
643413653685972993	No
639860475182907392	No
640435375488417792	No
641148667236216832	No
639481836633255936	No
637121472675213312	No
637025912937025536	Yes
638825198762881024	No
641756127517089792	No
637878944537124864	No
639942369500987393	No
643219035346235392	No
639225374891622400	Yes
643866915178455040	Yes
643641044869865472	No
646032094494257152	No
636603513049640960	No
641426898019581952	No
641254271112101889	No
637426420961013760	No
637996405886291968	Yes
639629628114644992	Yes
646001729075552256	No
642229946224615424	No
649258548271017984	No
644656605590650881	No
639087455245762560	No
639407759822221312	No
643876885726937088	No
641444148424404992	No
641330425634361345	Yes
638733617452068864	Yes
637743240230346752	Yes
641045016035459072	No
638470249205993472	No
646977281148223488	No
645016722026598400	Yes
640677101310382080	Yes
638769944717619200	No
641830276289556480	No
642526766557462534	No
644848130803015680	Yes
639908797125935104	No
645450303509164032	No
639264485425967104	No
637299995796983808	No
641675086659985408	No
640598041192480769	No
640448649030316033	Yes
639336221651677185	No
643598487892815872	Yes
640016996713689088	No
639240474620899329	No
639244918117015552	No
647496019559776256	No
641438406019575808	No
641863057954705408	No
640647554951184384	No
639614433220673537	No
637451266755555328	Yes
640953462818127872	No
642279317909700608	No
642003609224380416	No
643793544805642240	No
639307403326980096	No
639205916496130048	No
641238721015078912	No
638434375168716800	No
644037901051826176	No
641982345311031296	No
638572004795371520	No
636449798984474624	Yes
640353960591802368	No
636395692089581568	No
638731573240590338	No
641493164839211008	No
640722682258964480	No
642752239338135552	No
639757340846067712	No
641687037200871424	No
636329174550994944	No
640681302476357637	No
645983706914680833	No
638343076201820161	Yes
637846230983274496	No
637400134326751232	No
637926565884510208	No
636438329320304640	Yes
640396558287175681	No
639933920822345728	No
641467378761494528	No
643921679803150336	No
646318338893828097	No
645016521278914562	Yes
639691296932761600	Yes
644314113276051456	No
640318216917655552	Yes
638937939116863488	Yes
644310857887936512	No
639237988023537664	No
640777171498364928	No
639927551968735233	No
642270894845526016	Yes
640958225588879360	Yes
643949500994818048	No
638958302404079618	No
638486914526396417	Yes
639423287613857792	Yes
640827889815023616	Yes
640029188380954624	No
642617130144387072	No
640795271719337984	No
639285063973236736	Yes
638495047739027456	No
640063948528549888	No
642548834774597633	No
636384486150828032	No
637134716618022912	Yes
640867970697269248	Yes
645488112953618432	No
642829244574400512	Yes
641960911473799168	No
640321720876969984	No
646470910073958400	No
639269879950917632	No
639256671076782080	Yes
642201862578397184	Yes
639438634681286656	No
638569688495181824	Yes
644656852664320001	No
642148741466746880	Yes
636206682075459584	Yes
640702513046380544	No
638812950527131648	No
638881149624958976	Yes
640766761495736320	No
642698725685657600	No
643921702905208832	No
637126270078328832	Yes
647554577055764480	No
641105608091938816	No
640257242948878336	No
641804505189715968	No
638803075361325057	No
641980033880432640	No
645423109621854208	No
642178831256715264	Yes
644424316919152641	No
642118741262622720	No
639229595904946178	No
640237586817019904	No
639345520427839488	No
641091721892245504	No
644402322026704896	No
643273805754859520	Yes
638482754234118145	No
638794337967566849	Yes
648418265694269441	Yes
640033513727766529	No
639897931638800384	No
640880318602420224	No
639551129102254081	No
643512303208517632	No
643863225751203840	No
638018111975882752	Yes
636168081610399744	No
644313461455872000	No
642517264927879168	No
644256237178253312	No
641465282632900608	No
643235467106852864	Yes
643920493234507776	No
640368846906499072	No
641056069616291840	No
645854824752410624	No
642497598700584960	No
642672374933012480	Yes
645017700343934976	No
640075849404846080	No
638540484277702656	No
646318690472996868	Yes
641724953901985792	No
644200978418401280	No
640659234233958400	No
637692636653076480	No
642560172297179136	No
638180986115760128	Yes
638550052248625152	No
639769536166760450	Yes
640952696414031872	No
641297950623186944	Yes
646446792842809344	No
643653715904327680	No
639292860215525377	No
637111324300853248	No
640592811885240320	Yes
641195042024083456	No
642220544419495936	Yes
641237065359749121	No
644321456914993153	Yes
644310599485140993	No
638522343753650177	No
641366146743058433	No
643562014724460544	Yes
639142826283036672	No
643610446725976064	No
644656131827212289	No
647429550192791553	No
646013363336560640	No
643824945714212864	No
648685432864120832	No
649268627846377472	Yes
639264761935298560	No
640826619624615936	No
640569815279603712	No
636025765050478593	Yes
641165080239964161	Yes
643859703332741120	No
641758539292131328	No
645561473863958528	No
637661530046267392	No
638417941109739520	Yes
641441644852736000	No
642784856850628608	No
643616281866846208	No
641881273896714240	No
649212390198804480	No
635672623653986304	No
642218926097588224	No
648944136213635073	Yes
646981093955121152	No
640058070249394176	No
640790133680275456	No
648741086244896771	No
643499249318129664	No
638576068664889344	Yes
640979153848803328	No
639367708107108352	No
641040753670533124	No
642213418968199168	Yes
640270922910449664	No
643939166112382976	No
641255554455896064	Yes
645613783008849920	No
643785049079455744	Yes
640118360127205376	No
640004350161514498	No
643956047053324288	No
639253861295788032	No
638839472004575233	No
645647238618873856	Yes
637183947965898752	No
642826681401499648	No
643777438472884225	No
639742320930222081	Yes
640289768065101824	No
636202512580632576	No
640742251925258240	No
639884045061627904	No
644731320858374144	Yes
640557052595712000	No
642058154709282816	No
638679975068049408	No
647037808138407936	No
641046669086314498	No
638455086293876736	No
641148433709961216	No
642136759170650113	No
643859113236144129	No
643625138060173312	Yes
639025292426788864	Yes
639266560381554689	No
640525003532795904	No
639614074154782721	No
639625554258472960	No
644309554243706880	Yes
642738671926558720	No
640953561426337792	No
641999976759857152	No
640252035577851904	No
639999792903495680	No
643329881829314560	Yes
639182536510275584	No
639635412588339204	No
640395157968433152	Yes
641128884046422016	No
638874556355076096	No
640070584160772097	No
643914998503370752	No
641112993879592961	No
640380068066275330	No
641098545618137092	No
639626407501529088	No
642189543035113472	No
641606152195850240	No
641524434747179008	No
643622650573492224	No
644959964058882048	No
648644651210010624	No
646839290450845696	No
644540171359285248	No
637899209048387584	No
641428111683260416	No
637965484609150976	No
644200904569266176	No
646350548237684736	No
640178557830852608	No
646770749072670720	No
640934999433187329	No
639241417693356032	No
640761909986336768	No
640766202827120640	No
639953875471044608	No
640248893867982848	No
641882118189121536	No
639447918194372608	No
641185882242813956	Yes
639494073338859520	No
643587520647696384	No
643900643313217536	Yes
646658481248935936	Yes
639617174819045376	No
636227649724002305	Yes
637622481382187008	No
639238443101351936	No
643843328652414976	No
643958324921303040	No
641282227985367040	No
644924666952466433	No
644656345258586112	No
638949801481121792	No
639291434038792192	No
637838094822060032	No
641456267450454021	No
638705169824415745	No
639278310472597504	No
643220840792899584	No
641036236124254208	No
640805622557114368	No
648214082366017536	No
646437452983443460	No
637402892555677696	No
644004427192336385	No
639895605226131456	No
640428262447955968	No
649205222267449344	No
643461573026152448	No
641295424809271297	Yes
640339990778654720	No
643952782677028864	No
641068747160055808	No
638613157368344576	Yes
641105837646344192	No
643559230507606016	No
643619584373882880	No
639295124032262144	No
644928975223963648	Yes
643932930876809216	No
641208693619490816	No
644038218279575552	No
640932472931258369	No
637026029538816000	No
639572426657951744	No
638752591459934208	Yes
642404871195377664	No
645054308388462592	Yes
637162032698003456	Yes
640550180115349504	No
637876823087546368	Yes
639251990040715264	No
640987109898194945	No
639535226549440512	No
638070691279994880	Yes
640761635192352768	Yes
638488032618901504	No
641020142315569152	No
640802327130075136	No
642757954689630208	No
639227915293622272	No
638863228991238144	No
639842269026058240	No
644320843204575233	No
641694669500489729	No
645849768032243712	No
642433122903171072	No
640687994874261504	No
641131246588817408	No
642183171933634560	No
640569004566966272	Yes
642357416689057793	Yes
643768488733970438	No
643931074196865024	No
641816969285648384	Yes
638494140414582786	No
638722395981922304	No
648634701066846208	No
637894056232767488	Yes
643398385395892224	No
646128286427447296	Yes
636182283830054912	No
644364487542341632	Yes
639233660672167936	Yes
639561283860234240	No
641044603328593920	No
640344757730848768	No
640427392553631744	No
641402240033517568	No
646033280047845377	No
639826306969026560	No
641384065069883397	Yes
638767416592367616	No
635905662560677888	No
636602738168754176	No
640240166364286976	No
639471310024929281	No
643864737512595456	No
637332734684332032	Yes
640790762741891072	No
641427511121854464	No
636375075952967680	Yes
641246233634455552	No
643510947781459972	No
645176622556020736	Yes
643679170438938624	No
641411715620564994	No
643503636698558464	No
643616334731956224	No
640740838004277248	No
639575089567010817	No
641287980682842112	No
642090482428829697	No
640329756806881281	No
643728127135481856	No
643338654690099200	No
638067997316268032	Yes
644197786842435585	No
646568552124710912	No
640324389259481090	No
640728886096039937	No
644011224565444608	No
638061656761745408	No
643569178092400640	No
646944692697997312	Yes
636413091576606720	Yes
641397191026733056	No
641016621503373312	No
639464265162752001	Yes
643670603828994048	No
637291009177714689	No
641944946283429888	No
639874475006160900	No
639113111740510208	Yes
643525103439974401	No
639893793102266368	No
636207040541683712	No
636701276143616000	No
639281849794080769	Yes
644218848707772417	No
639289344981753857	No
644734237682343936	Yes
640750912663896064	No
639486548728262656	No
647135041886289920	No
641846121904668672	No
640818828444889089	No
639104360060985344	No
639450507300343808	No
642227678922211328	Yes
638886608759058433	No
639467637563629568	No
640587208370421760	No
646425821788422144	No
646351146362138625	Yes
640689201860751361	No
644435506802094080	Yes
639494775582892032	No
642492486091452420	No
640209261201457152	No
638519644249300992	Yes
638717836861435905	No
640615100978597888	No
641539496278818816	No
636974123084746752	No
639478588912308224	No
641083927344627712	No
641380140522577920	Yes
639333271738839040	No
643852073646321664	Yes
638552984083808256	No
640006574933569537	No
639546943597744128	Yes
637944265386029056	Yes
636877860309962752	Yes
640032469345894400	No
643628725096050689	No
641807404070342656	No
639102382022922241	Yes
639243956312670210	No
640424510546685952	No
639266580254355456	Yes
643395421361057792	No
639260445077958656	Yes
636367064341553156	No
639140772235743232	No
642215419965669376	No
643963567067107328	No
639119813776945153	No
637770097877192704	No
636211398389858304	No
641475020305227780	Yes
636350046535970816	No
643595912778878977	No
641368285238403072	Yes
637535974277414912	Yes
642397519612239872	No
639092696150228992	No
640540128541212672	No
642329028301582336	No
647034559511572480	No
644392615643709440	Yes
643841597633785857	No
642198514416488448	No
648627506879172608	Yes
641852829662081024	No
639229364668899328	No
640065675034099713	No
641852433765900288	No
638748101763723265	No
640331400563007488	No
640908841232826368	No
643557143283499008	Yes
642459619160379394	Yes
639533037244522498	No
638262520063504384	No
642742954986180609	No
638697757167980544	No
649079897248432130	No
636431461764038656	Yes
638822291132977154	No
639265409707831296	No
644312471197487104	Yes
637397738695585792	No
643506733650956288	No
638392513871671296	Yes
639475662462435328	No
641986310870315008	No
641761286011924480	No
639694439099662336	No
638591352494772224	Yes
637417629007876096	Yes
643236320546959361	No
639204237126303744	Yes
648699624643952640	No
638778823895592961	No
646855233646252032	Yes
645754175326916608	No
646003068836773888	No
638791399706595328	No
641361984936542209	No
639529785014808579	No
640247489426096128	No
644069395787055104	Yes
640839282790297600	No
639510648649588736	No
641165924050059264	No
640968037256957952	No
638437656658071552	No
639835099362529280	No
639515002135793664	No
643902043351044097	No
639597847348842496	No
649308862768676865	No
647668417642651648	No
643571441523367936	No
644618179013021696	No
638433689433673728	Yes
639175719453650944	No
645941973048815617	No
640757807327891456	No
646143130761338880	Yes
644109669204537344	No
641986851432099840	No
640219944240615424	Yes
639100594066714624	No
641241108337393665	No
640021534602452992	No
642067341795291136	Yes
641721343269060609	No
640906183918944257	No
639558081433739264	No
638787269294432256	No
636013018850037760	No
640911834288033793	Yes
640670978989780992	No
641580403988557824	No
644311504033071104	No
642846177101152256	No
639916666034487296	No
640743413378232320	No
639242714823856128	No
643765435683483648	No
638782033267920896	Yes
641068152152039424	No
643894954490630145	No
639267436953497600	No
640989857544826884	No
642370233563512832	No
639931983884328961	No
640756522201575424	Yes
645783725494525953	No
638631524452171776	No
644006574684565505	Yes
640953816339324929	No
646459455014629376	No
646890117613752321	No
640025565551046656	No
641400121931005952	Yes
639276875274043392	Yes
639398043641491457	Yes
640386978786086912	No
644338378813632512	Yes
640072863974748161	Yes
639239694027485185	Yes
643937905958887424	No
638770392006397952	Yes
641808423449948160	Yes
642627592219025409	No
646837477680922624	No
640432204233871360	No
643921935206871046	No
638762316448727040	No
645457156804767744	No
644662204466372608	Yes
642001633027719168	No
640035407799951360	Yes
645928494204104704	No
645428328237801472	No
648907317497470976	No
637585913611177984	Yes
637113580370788352	Yes
636831738396823552	Yes
642385868624384000	No
637240880810688512	Yes
641480546447663104	No
645752556719853568	Yes
643693407911542784	No
643654646653845504	No
638532508351602688	No
648324794287554560	No
638617764295368704	No
639992121257123840	No
640566253061468160	No
643766346824572928	No
638251264938221568	Yes
641366811011776512	No
644614976603320321	No
640693747248967681	Yes
639326306342162432	No
640661566476656640	Yes
641526028993724416	No
644649843634208769	No
639216369020596228	No
640251703871315969	No
641204124810395648	No
647567335574925312	Yes
641475104535281664	No
638777456661516289	No
646314425490784256	No
637157700774850560	Yes
639880435598757888	No
643284155283828737	No
639926114173915136	No
641410886738006016	Yes
643772121156595712	No
646084289801662465	No
640161017645924353	No
643739042333364224	No
637871175914225665	No
647701056546205696	No
642232746199392256	No
643809984594231296	No
645748077769396225	No
646848313447153665	No
643989653410942976	No
638462768635609088	No
643907502636171264	No
640889372594860032	No
641361127750791168	No
636420256693665792	Yes
639891041785659392	No
645383388808019968	No
638723117175672833	No
638837077908451329	Yes
643619588446404608	No
649262789249273856	No
643607295348375552	No
639830957231579137	No
643611403991908352	No
639358308734865408	No
642219666962825216	No
643621587044970498	No
638904654047350785	No
638509937660813316	No
638562513408229376	No
637885879789453312	Yes
639156522287693824	Yes
643886479115161600	No
636174847320662016	No
642195079692730369	No
649313138718846976	No
645029399377670145	No
636910761298628608	Yes
642179498755026948	No
643463231726419968	No
639307374008881152	No
641250988528021504	No
643971033322622976	No
640025745130057728	No
639497480342753280	No
638602672606593024	No
641212711330643968	No
639230315035238400	No
640664851308761088	No
641149511503491072	No
641170894065373184	Yes
640439994616647680	No
643621176678436864	No
643846512724848642	No
643930997977939970	No
640376676799545344	No
648603383679590400	No
638765971679911936	No
643538527825829888	No
639069331125575680	No
640641562704261120	No
641387918213402624	No
639587367519653888	No
641389391122837504	Yes
643816852423069700	No
639100288247463936	Yes
639382789528383489	No
640584854552342528	No
643963875747065856	No
639268496778596352	No
640091156722880512	No
640435876741320704	No
646142434527698945	Yes
640547908744425472	No
642064579577516032	Yes
643934494278426624	No
637636595777015808	Yes
640981465048682496	No
646696574567841792	No
640536122943139841	No
637254868344836096	No
641221381192056832	No
646519291513282561	Yes
637991159717953537	No
642296815992205313	No
639307364613681152	Yes
640918195457630208	No
641386749705388033	No
646189719542452224	No
642713137821712384	No
640456877290057728	Yes
641289899358949377	No
643450478987112449	No
641837045866848257	No
644338850773360641	No
639683954107416576	No
643587544647536641	No
643938511125544960	Yes
643955454700331008	Yes
636868317295214592	Yes
646756658656493569	No
642741805834829824	No
638552277624578048	No
643477978689638401	No
641099295429496832	No
639424713484144640	No
644553925845118976	Yes
639143411820441600	Yes
638741998686507008	Yes
641171253219475456	No
643899600101838848	No
640735184116056064	No
640742700837306369	No
640677338771013632	No
641929108927193088	No
645824324822286336	No
637789327381016576	No
639235476336066560	Yes
636607593675296768	Yes
641690669812072448	No
641447307905380352	No
644953119244222464	No
640610839695757312	No
641034260883894272	No
645354628217896960	No
640998733589704704	No
642129775788720128	No
649027912843325440	No
636677121105076224	No
642192756337590272	No
646979235752480773	No
638561322200862720	Yes
639955617801748481	No
637527000962347012	Yes
639610660154966016	No
640929738853249024	Yes
638894211434217472	No
636632276021829632	Yes
639498701539377152	No
645100463856029696	No
645702259708264448	Yes
645642201368690689	No
638597407861698560	Yes
641399125259325441	Yes
642016689048055808	No
643249424932716544	No
638469794791063552	No
643949648877502464	Yes
637556245734363136	No
643648467164753920	No
643979688918974464	Yes
639648883593768960	No
647662413312061441	Yes
646673451378348032	Yes
639458012831191040	Yes
643892139634495488	No
641007023618924544	No
639232145672663041	No
639998072735535104	No
637670501507317760	No
644030156756152320	No
641276354688847872	No
648316060941180928	No
640320097345667072	No
641140386019307520	No
639609133495226368	No
644712945159667712	No
643621863931912192	No
644729306019700736	No
641449313839656960	No
639473676375556096	No
643641719573970944	No
640885457585369088	No
638437250619969536	No
643891111807877120	No
641703156284436480	No
639265332159381505	Yes
648647608727044096	No
649309858345406464	No
641181504698232832	No
640338736639664130	No
642596216925220864	No
636757529318563840	Yes
641077888045834240	Yes
638612361314631680	Yes
640666788657807360	No
646805159012638721	No
646315332156592129	No
646773135044284416	Yes
638246759022485504	No
637807253253394432	Yes
636283821034471424	No
644350852900200449	Yes
643596295794503680	No
640184473124892672	No
644641227703484416	No
640394044393193472	No
640383740892413952	No
643614479633240064	Yes
642049883730395136	No
638551680292814848	Yes
642003526344773635	No
641430328750555136	Yes
646478392116781056	No
639459374692499456	No
639234061613928448	No
647146436287598592	No
638665760647290880	No
647530345886150656	No
637282728170274816	No
642362944135798784	Yes
639905973545619457	No
641210990802014208	No
640755710666539009	Yes
639253413079846912	Yes
640007996299460608	No
643951751771459584	No
641466690199519232	No
646081143436144640	No
643445051213881344	No
641421456014864389	No
641473839017406464	No
640731465479811072	No
643624448537530368	No
638291140567896065	No
643506778857152512	Yes
639803665402957824	Yes
643985204802007044	No
640284712955695106	No
643229142771761152	No
641911191426760704	No
643621149323083776	No
637179261955145728	No
636768049169723393	No
639227502486011908	No
644881334154973184	Yes
638508646511607813	No
642264081970413568	No
643963571798282240	No
639617917311520769	Yes
639849373027975170	No
649299877164359680	No
638456637276205056	No
640586350303969281	Yes
641774074977382400	No
638019877488447488	No
639674017817858048	No
643815889821831168	No
644925196328001536	Yes
636944497927168001	Yes
648798506975531008	No
641388022282346497	No
643920609894866946	No
646887756270977024	No
646433733659226113	No
640057959024689152	No
643927702123188224	No
641481970753642500	Yes
644811151885234176	Yes
639858502350077952	No
639676088868839424	No
642374768528912384	No
639289337050349568	No
637081683108364288	No
644933117220786176	No
641591410886594560	No
644310809066127360	Yes
639619859433717760	No
638412906556555264	No
642743894753583104	No
643951607177183232	No
636384610763583488	Yes
643643426538287104	No
640713278813962240	No
643687308558995456	No
639315931496185856	Yes
640770828762808320	Yes
637037366931140608	Yes
639946389477179392	No
640686362497191937	No
640982743162028032	No
639428014434992129	No
644008276082843649	No
640353148742168576	No
641598294129557504	No
646812015248437249	Yes
644677394809290753	No
642135743578664960	Yes
646974499322097664	No
639249627242336256	No
643276910617726976	No
641473636344336384	Yes
641344537827278848	No
